{
  "model": "HarmFormer",
  "dataset": "TTP-Eval",
  "num_samples": 393,
  "device": "cuda",
  "metrics": {
    "overall": {
      "precision": 0.8333333333333334,
      "recall": 0.7368421052631579,
      "f1": 0.782122905027933
    },
    "per_harm": {
      "H": {
        "precision": 0.782608695652174,
        "recall": 0.5806451612903226,
        "f1": 0.6666666666666667
      },
      "IH": {
        "precision": 0.7916666666666666,
        "recall": 0.5428571428571428,
        "f1": 0.6440677966101694
      },
      "SE": {
        "precision": 0.8055555555555556,
        "recall": 0.7631578947368421,
        "f1": 0.7837837837837838
      },
      "IL": {
        "precision": 0.7777777777777778,
        "recall": 0.5,
        "f1": 0.6086956521739131
      },
      "SI": {
        "precision": 0.6666666666666666,
        "recall": 0.6666666666666666,
        "f1": 0.6666666666666666
      }
    },
    "dimension": "toxic",
    "total_samples": 393
  }
}