{
  "evaluation_config": {
    "dataset": "data/moderation-api-release/data/samples-1680.jsonl.gz",
    "total_samples": 1680,
    "baselines": [
      "Perspective API",
      "TTP"
    ],
    "perspective_threshold": 0.4,
    "device": "cpu"
  },
  "results": [
    {
      "classifier": "Perspective API",
      "total_samples": 1680,
      "failed_samples": 0,
      "evaluated_samples": 1680,
      "metrics": {
        "overall": {
          "precision": 0.736346516007533,
          "recall": 0.7490421455938697,
          "f1": 0.7426400759734092
        },
        "per_harm": {
          "H": {
            "precision": 0.736346516007533,
            "recall": 0.7490421455938697,
            "f1": 0.7426400759734092
          },
          "IH": {
            "precision": 0.736346516007533,
            "recall": 0.7490421455938697,
            "f1": 0.7426400759734092
          },
          "SE": {
            "precision": 0.736346516007533,
            "recall": 0.7490421455938697,
            "f1": 0.7426400759734092
          },
          "IL": {
            "precision": 0.736346516007533,
            "recall": 0.7490421455938697,
            "f1": 0.7426400759734092
          },
          "SI": {
            "precision": 0.736346516007533,
            "recall": 0.7490421455938697,
            "f1": 0.7426400759734092
          }
        },
        "dimension": "toxic",
        "total_samples": 1680
      }
    },
    {
      "classifier": "TTP",
      "total_samples": 1680,
      "failed_samples": 0,
      "evaluated_samples": 1680,
      "metrics": {
        "overall": {
          "precision": 0.0,
          "recall": 0.0,
          "f1": 0.0
        },
        "per_harm": {
          "H": {
            "precision": 0.0,
            "recall": 0.0,
            "f1": 0.0
          },
          "IH": {
            "precision": 0.0,
            "recall": 0.0,
            "f1": 0.0
          },
          "SE": {
            "precision": 0.0,
            "recall": 0.0,
            "f1": 0.0
          },
          "IL": {
            "precision": 0.0,
            "recall": 0.0,
            "f1": 0.0
          },
          "SI": {
            "precision": 0.0,
            "recall": 0.0,
            "f1": 0.0
          }
        },
        "dimension": "toxic",
        "total_samples": 1680
      }
    }
  ]
}